{
  "losses": [
    1.3482918739318848,
    1.222333312034607,
    1.1039280891418457,
    0.9930146336555481,
    0.8921136260032654,
    0.8008471131324768,
    0.7196786403656006,
    0.6475914120674133,
    0.5845770239830017,
    0.5311610698699951,
    0.4852425754070282,
    0.44582849740982056,
    0.4127521812915802,
    0.384883314371109,
    0.3623841106891632,
    0.3435724675655365,
    0.32814130187034607,
    0.3155110776424408,
    0.3052178621292114,
    0.2968873381614685,
    0.2898361086845398,
    0.2834944427013397,
    0.2776453197002411,
    0.27233466506004333,
    0.2673931121826172,
    0.2626989781856537,
    0.25820279121398926,
    0.2539329528808594,
    0.24986137449741364,
    0.24602289497852325,
    0.24226707220077515,
    0.2385561615228653,
    0.2348920702934265,
    0.2312888354063034,
    0.227741539478302,
    0.22427760064601898,
    0.22087490558624268,
    0.21751521527767181,
    0.2142045497894287,
    0.2109103500843048,
    0.20762798190116882,
    0.204345703125,
    0.20105959475040436,
    0.19778040051460266,
    0.19450071454048157,
    0.19122649729251862,
    0.18796364963054657,
    0.18470938503742218,
    0.18146274983882904,
    0.17822691798210144
  ],
  "metrics": {
    "both": {
      "optimistic": {
        "adjusted_arithmetic_mean_rank": 1.1635720601237842,
        "adjusted_arithmetic_mean_rank_index": -0.17805582290664113,
        "adjusted_geometric_mean_rank_index": -0.30942926385868197,
        "adjusted_hits_at_k": -0.09527507699525706,
        "adjusted_inverse_harmonic_mean_rank": -0.0733764545855113,
        "arithmetic_mean_rank": 14.304347826086957,
        "count": 46.0,
        "geometric_mean_rank": 12.409130351008372,
        "harmonic_mean_rank": 10.225844495856718,
        "hits_at_1": 0.0,
        "hits_at_10": 0.3695652173913043,
        "hits_at_3": 0.043478260869565216,
        "hits_at_5": 0.10869565217391304,
        "inverse_arithmetic_mean_rank": 0.06990881458966565,
        "inverse_geometric_mean_rank": 0.0805858244464923,
        "inverse_harmonic_mean_rank": 0.09779143428253555,
        "inverse_median_rank": 0.0625,
        "median_absolute_deviation": 8.895613311033612,
        "median_rank": 16.0,
        "standard_deviation": 6.517099799148428,
        "variance": 42.47258979206049,
        "z_arithmetic_mean_rank": -2.0038190434924523,
        "z_geometric_mean_rank": -2.337222906104463,
        "z_hits_at_k": -0.7528411900220293,
        "z_inverse_harmonic_mean_rank": -2.0266408308234527
      },
      "pessimistic": {
        "adjusted_arithmetic_mean_rank": 1.1635720601237842,
        "adjusted_arithmetic_mean_rank_index": -0.17805582290664113,
        "adjusted_geometric_mean_rank_index": -0.30942926385868197,
        "adjusted_hits_at_k": -0.09527507699525706,
        "adjusted_inverse_harmonic_mean_rank": -0.0733764545855113,
        "arithmetic_mean_rank": 14.304347826086957,
        "count": 46.0,
        "geometric_mean_rank": 12.409130351008372,
        "harmonic_mean_rank": 10.225844495856718,
        "hits_at_1": 0.0,
        "hits_at_10": 0.3695652173913043,
        "hits_at_3": 0.043478260869565216,
        "hits_at_5": 0.10869565217391304,
        "inverse_arithmetic_mean_rank": 0.06990881458966565,
        "inverse_geometric_mean_rank": 0.0805858244464923,
        "inverse_harmonic_mean_rank": 0.09779143428253555,
        "inverse_median_rank": 0.0625,
        "median_absolute_deviation": 8.895613311033612,
        "median_rank": 16.0,
        "standard_deviation": 6.517099799148428,
        "variance": 42.47258979206049,
        "z_arithmetic_mean_rank": -2.0038190434924523,
        "z_geometric_mean_rank": -2.337222906104463,
        "z_hits_at_k": -0.7528411900220293,
        "z_inverse_harmonic_mean_rank": -2.0266408308234527
      },
      "realistic": {
        "adjusted_arithmetic_mean_rank": 1.1635720736151982,
        "adjusted_arithmetic_mean_rank_index": -0.17805583759267485,
        "adjusted_geometric_mean_rank_index": -0.30942945354825024,
        "adjusted_hits_at_k": -0.09527507699525706,
        "adjusted_inverse_harmonic_mean_rank": -0.07337645571358684,
        "arithmetic_mean_rank": 14.30434799194336,
        "count": 46.0,
        "geometric_mean_rank": 12.40913200378418,
        "harmonic_mean_rank": 10.225844383239746,
        "hits_at_1": 0.0,
        "hits_at_10": 0.3695652173913043,
        "hits_at_3": 0.043478260869565216,
        "hits_at_5": 0.10869565217391304,
        "inverse_arithmetic_mean_rank": 0.06990881264209747,
        "inverse_geometric_mean_rank": 0.08058581501245499,
        "inverse_harmonic_mean_rank": 0.09779143333435059,
        "inverse_median_rank": 0.0625,
        "median_absolute_deviation": 8.895613670349121,
        "median_rank": 16.0,
        "standard_deviation": 6.517099857330322,
        "variance": 42.472591400146484,
        "z_arithmetic_mean_rank": -2.0038192087673288,
        "z_geometric_mean_rank": -2.3372243388933285,
        "z_hits_at_k": -0.7528411900220293,
        "z_inverse_harmonic_mean_rank": -2.02664086198064
      }
    },
    "head": {
      "optimistic": {
        "adjusted_arithmetic_mean_rank": 1.226148409893993,
        "adjusted_arithmetic_mean_rank_index": -0.24615384615384617,
        "adjusted_geometric_mean_rank_index": -0.3629870749497688,
        "adjusted_hits_at_k": -0.20751715223227585,
        "adjusted_inverse_harmonic_mean_rank": -0.07556112190160251,
        "arithmetic_mean_rank": 15.08695652173913,
        "count": 23.0,
        "geometric_mean_rank": 12.981596513117012,
        "harmonic_mean_rank": 10.437301760915409,
        "hits_at_1": 0.0,
        "hits_at_10": 0.30434782608695654,
        "hits_at_3": 0.043478260869565216,
        "hits_at_5": 0.08695652173913043,
        "inverse_arithmetic_mean_rank": 0.06628242074927954,
        "inverse_geometric_mean_rank": 0.07703212767316937,
        "inverse_harmonic_mean_rank": 0.09581020295347813,
        "inverse_median_rank": 0.05555555555555555,
        "median_absolute_deviation": 5.930408874022408,
        "median_rank": 18.0,
        "standard_deviation": 6.743196529309541,
        "variance": 45.47069943289224,
        "z_arithmetic_mean_rank": -1.9591326763021133,
        "z_geometric_mean_rank": -1.9539162727460475,
        "z_hits_at_k": -1.1605508980865045,
        "z_inverse_harmonic_mean_rank": -1.476501955838538
      },
      "pessimistic": {
        "adjusted_arithmetic_mean_rank": 1.226148409893993,
        "adjusted_arithmetic_mean_rank_index": -0.24615384615384617,
        "adjusted_geometric_mean_rank_index": -0.3629870749497688,
        "adjusted_hits_at_k": -0.20751715223227585,
        "adjusted_inverse_harmonic_mean_rank": -0.07556112190160251,
        "arithmetic_mean_rank": 15.08695652173913,
        "count": 23.0,
        "geometric_mean_rank": 12.981596513117012,
        "harmonic_mean_rank": 10.437301760915409,
        "hits_at_1": 0.0,
        "hits_at_10": 0.30434782608695654,
        "hits_at_3": 0.043478260869565216,
        "hits_at_5": 0.08695652173913043,
        "inverse_arithmetic_mean_rank": 0.06628242074927954,
        "inverse_geometric_mean_rank": 0.07703212767316937,
        "inverse_harmonic_mean_rank": 0.09581020295347813,
        "inverse_median_rank": 0.05555555555555555,
        "median_absolute_deviation": 5.930408874022408,
        "median_rank": 18.0,
        "standard_deviation": 6.743196529309541,
        "variance": 45.47069943289224,
        "z_arithmetic_mean_rank": -1.9591326763021133,
        "z_geometric_mean_rank": -1.9539162727460475,
        "z_hits_at_k": -1.1605508980865045,
        "z_inverse_harmonic_mean_rank": -1.476501955838538
      },
      "realistic": {
        "adjusted_arithmetic_mean_rank": 1.2261484469626058,
        "adjusted_arithmetic_mean_rank_index": -0.24615388650160575,
        "adjusted_geometric_mean_rank_index": -0.36298766670889426,
        "adjusted_hits_at_k": -0.20751715223227585,